{"version": "1", "message": "ERROR: Hidden Testcases server unreachable.", "problem_id": "ads2_m6_a1_1", "user_id": "rohith-22", "score": {"sample": {"0": {"execution_time": 0.23064303398132324, "passed": false}, "1": {"execution_time": 0.23534107208251953, "passed": false}, "2": {"execution_time": 0.2455730438232422, "passed": false}, "3": {"execution_time": 0.2588670253753662, "passed": false}, "4": {"execution_time": 0.24685096740722656, "passed": false}, "5": {"execution_time": 0.25898122787475586, "passed": true}, "6": {"execution_time": 0.23237895965576172, "passed": true}, "7": {"execution_time": 0.25247836112976074, "passed": false}, "8": {"execution_time": 0.23315095901489258, "passed": true}, "9": {"execution_time": 0.24627304077148438, "passed": false}, "10": {"execution_time": 0.23134589195251465, "passed": true}, "11": {"execution_time": 0.24243521690368652, "passed": false}}}, "check_style_score": "1/1"}