{"version": "1", "message": "ERROR: Hidden Testcases server unreachable.", "problem_id": "ads2_m6_a1_1", "user_id": "rohith-22", "score": {"sample": {"0": {"execution_time": 0.23525404930114746, "passed": false}, "1": {"execution_time": 0.23424196243286133, "passed": false}, "2": {"execution_time": 0.241959810256958, "passed": false}, "3": {"execution_time": 0.25264811515808105, "passed": false}, "4": {"execution_time": 0.24749374389648438, "passed": false}, "5": {"execution_time": 0.26015591621398926, "passed": true}, "6": {"execution_time": 0.2358100414276123, "passed": true}, "7": {"execution_time": 0.2393798828125, "passed": false}, "8": {"execution_time": 0.23242497444152832, "passed": true}, "9": {"execution_time": 0.25153589248657227, "passed": false}, "10": {"execution_time": 0.23012661933898926, "passed": true}, "11": {"execution_time": 0.24315810203552246, "passed": false}}}, "check_style_score": "0/1"}