{"version": "1", "message": "ERROR: Hidden Testcases server unreachable.", "problem_id": "ads2_m6_a1_1", "user_id": "rohith-22", "score": {"sample": {"0": {"execution_time": 0.24045109748840332, "passed": false}, "1": {"execution_time": 0.25553107261657715, "passed": false}, "2": {"execution_time": 0.24164080619812012, "passed": false}, "3": {"execution_time": 0.2519080638885498, "passed": false}, "4": {"execution_time": 0.24831914901733398, "passed": false}, "5": {"execution_time": 0.26820874214172363, "passed": true}, "6": {"execution_time": 0.2407848834991455, "passed": true}, "7": {"execution_time": 0.2507450580596924, "passed": false}, "8": {"execution_time": 0.24937081336975098, "passed": true}, "9": {"execution_time": 0.2563009262084961, "passed": false}, "10": {"execution_time": 0.24034595489501953, "passed": true}, "11": {"execution_time": 0.27375197410583496, "passed": false}}}, "check_style_score": "1/1"}