{"version": "1", "message": "ERROR: Hidden Testcases server unreachable.", "problem_id": "ads2_m6_a1_1", "user_id": "rohith-22", "score": {"sample": {"0": {"execution_time": 0.23529291152954102, "passed": false}, "1": {"execution_time": 0.23331212997436523, "passed": false}, "2": {"execution_time": 0.23767304420471191, "passed": false}, "3": {"execution_time": 0.23610782623291016, "passed": false}, "4": {"execution_time": 0.23479008674621582, "passed": false}, "5": {"execution_time": 0.2356719970703125, "passed": false}, "6": {"execution_time": 0.22831010818481445, "passed": true}, "7": {"execution_time": 0.23521900177001953, "passed": false}, "8": {"execution_time": 0.2353360652923584, "passed": true}, "9": {"execution_time": 0.23471689224243164, "passed": false}, "10": {"execution_time": 0.23317694664001465, "passed": true}, "11": {"execution_time": 0.22983789443969727, "passed": false}}}, "check_style_score": "1/1"}