{"version": "1", "message": "ERROR: Hidden Testcases server unreachable.", "problem_id": "ads2_m6_a1_1", "user_id": "rohith-22", "score": {"sample": {"0": {"execution_time": 0.2364058494567871, "passed": false}, "1": {"execution_time": 0.23577594757080078, "passed": false}, "2": {"execution_time": 0.24581193923950195, "passed": false}, "3": {"execution_time": 0.2513406276702881, "passed": false}, "4": {"execution_time": 0.2475886344909668, "passed": false}, "5": {"execution_time": 0.2512547969818115, "passed": false}, "6": {"execution_time": 0.23230195045471191, "passed": true}, "7": {"execution_time": 0.24801015853881836, "passed": false}, "8": {"execution_time": 0.252061128616333, "passed": true}, "9": {"execution_time": 0.2501099109649658, "passed": false}, "10": {"execution_time": 0.2343909740447998, "passed": true}, "11": {"execution_time": 0.2388319969177246, "passed": false}}}, "check_style_score": "0/1"}