{"version": "1", "message": "ERROR: Hidden Testcases server unreachable.", "problem_id": "ads2_m6_a1_1", "user_id": "rohith-22", "score": {"sample": {"0": {"execution_time": 0.2375626564025879, "passed": false}, "1": {"execution_time": 0.2427692413330078, "passed": false}, "2": {"execution_time": 0.24772977828979492, "passed": false}, "3": {"execution_time": 0.2502279281616211, "passed": false}, "4": {"execution_time": 0.2518801689147949, "passed": false}, "5": {"execution_time": 0.25760602951049805, "passed": true}, "6": {"execution_time": 0.2330188751220703, "passed": true}, "7": {"execution_time": 0.24279379844665527, "passed": false}, "8": {"execution_time": 0.23281383514404297, "passed": true}, "9": {"execution_time": 0.24955296516418457, "passed": false}, "10": {"execution_time": 0.2319328784942627, "passed": true}, "11": {"execution_time": 0.24365711212158203, "passed": false}}}, "check_style_score": "1/1"}