{"version": "1", "message": "ERROR: Hidden Testcases server unreachable.", "problem_id": "ads2_m6_a1_1", "user_id": "rohith-22", "score": {"sample": {"0": {"execution_time": 0.24082183837890625, "passed": false}, "1": {"execution_time": 0.23621392250061035, "passed": false}, "2": {"execution_time": 0.24328088760375977, "passed": false}, "3": {"execution_time": 0.2562119960784912, "passed": false}, "4": {"execution_time": 0.24594902992248535, "passed": false}, "5": {"execution_time": 0.262373685836792, "passed": true}, "6": {"execution_time": 0.23436403274536133, "passed": true}, "7": {"execution_time": 0.24217915534973145, "passed": false}, "8": {"execution_time": 0.23251700401306152, "passed": true}, "9": {"execution_time": 0.25099897384643555, "passed": false}, "10": {"execution_time": 0.23476004600524902, "passed": true}, "11": {"execution_time": 0.24493694305419922, "passed": false}}}, "check_style_score": "1/1"}