{"version": "1", "message": "ERROR: Hidden Testcases server unreachable.", "problem_id": "ads2_m6_a1_1", "user_id": "rohith-22", "score": {"sample": {"0": {"execution_time": 0.23530197143554688, "passed": false}, "1": {"execution_time": 0.22450494766235352, "passed": false}, "2": {"execution_time": 0.2809779644012451, "passed": false}, "3": {"execution_time": 0.25863194465637207, "passed": false}, "4": {"execution_time": 0.23462915420532227, "passed": false}, "5": {"execution_time": 0.2376701831817627, "passed": false}, "6": {"execution_time": 0.22196698188781738, "passed": false}, "7": {"execution_time": 0.27718615531921387, "passed": false}, "8": {"execution_time": 0.20831012725830078, "passed": false}, "9": {"execution_time": 0.23639392852783203, "passed": false}, "10": {"execution_time": 0.21246981620788574, "passed": false}, "11": {"execution_time": 0.23896002769470215, "passed": false}}}, "check_style_score": "0/1"}