{"version": "1", "message": "ERROR: Hidden Testcases server unreachable.", "problem_id": "ads2_m6_a1_1", "user_id": "rohith-22", "score": {"sample": {"0": {"execution_time": 0.23457932472229004, "passed": false}, "1": {"execution_time": 0.24072909355163574, "passed": false}, "2": {"execution_time": 0.2417919635772705, "passed": false}, "3": {"execution_time": 0.2471158504486084, "passed": false}, "4": {"execution_time": 0.24713802337646484, "passed": false}, "5": {"execution_time": 0.25243711471557617, "passed": false}, "6": {"execution_time": 0.2345139980316162, "passed": true}, "7": {"execution_time": 0.2476949691772461, "passed": false}, "8": {"execution_time": 0.2391040325164795, "passed": true}, "9": {"execution_time": 0.25395870208740234, "passed": false}, "10": {"execution_time": 0.2343459129333496, "passed": true}, "11": {"execution_time": 0.24253320693969727, "passed": false}}}, "check_style_score": "1/1"}