{"version": "1", "message": "ERROR: Hidden Testcases server unreachable.", "problem_id": "ads2_m2_a1_1", "user_id": "rohith-22", "score": {"sample": {"0": {"execution_time": 0.20328187942504883, "passed": true}, "1": {"execution_time": 0.17778491973876953, "passed": true}, "2": {"execution_time": 0.17934393882751465, "passed": true}, "3": {"execution_time": 0.1900768280029297, "passed": true}, "4": {"execution_time": 0.17732906341552734, "passed": true}, "5": {"execution_time": 0.1792900562286377, "passed": true}, "6": {"execution_time": 0.1801459789276123, "passed": true}, "7": {"execution_time": 0.1765611171722412, "passed": true}, "8": {"execution_time": 0.18184399604797363, "passed": true}, "9": {"execution_time": 0.17917394638061523, "passed": true}, "10": {"execution_time": 0.18653202056884766, "passed": true}, "11": {"execution_time": 0.1805119514465332, "passed": true}, "12": {"execution_time": 0.1791682243347168, "passed": true}, "13": {"execution_time": 0.18198680877685547, "passed": true}, "14": {"execution_time": 0.18389296531677246, "passed": true}, "15": {"execution_time": 0.19544005393981934, "passed": true}, "16": {"execution_time": 0.20735597610473633, "passed": true}, "17": {"execution_time": 0.2199099063873291, "passed": true}, "18": {"execution_time": 0.20893406867980957, "passed": true}, "19": {"execution_time": 0.2205040454864502, "passed": true}, "20": {"execution_time": 0.22981023788452148, "passed": true}, "21": {"execution_time": 0.18043184280395508, "passed": true}, "22": {"execution_time": 0.23900604248046875, "passed": true}, "23": {"execution_time": 0.24373388290405273, "passed": true}}}, "check_style_score": "1/1"}