{"version": "1", "message": "ERROR: Hidden Testcases server unreachable.", "problem_id": "ads2_m2_a1_1", "user_id": "rohith-22", "score": {"sample": {"0": {"execution_time": 0.20990896224975586, "passed": true}, "1": {"execution_time": 0.17834091186523438, "passed": true}, "2": {"execution_time": 0.1763930320739746, "passed": true}, "3": {"execution_time": 0.17496991157531738, "passed": true}, "4": {"execution_time": 0.17905783653259277, "passed": true}, "5": {"execution_time": 0.17818236351013184, "passed": true}, "6": {"execution_time": 0.17499613761901855, "passed": true}, "7": {"execution_time": 0.1774609088897705, "passed": true}, "8": {"execution_time": 0.1801011562347412, "passed": true}, "9": {"execution_time": 0.17625117301940918, "passed": true}, "10": {"execution_time": 0.17652678489685059, "passed": true}, "11": {"execution_time": 0.18362092971801758, "passed": true}, "12": {"execution_time": 0.17876815795898438, "passed": true}, "13": {"execution_time": 0.1805408000946045, "passed": true}, "14": {"execution_time": 0.18263602256774902, "passed": true}, "15": {"execution_time": 0.19885706901550293, "passed": true}, "16": {"execution_time": 0.2004082202911377, "passed": true}, "17": {"execution_time": 0.22250604629516602, "passed": true}, "18": {"execution_time": 0.21317195892333984, "passed": true}, "19": {"execution_time": 0.2346339225769043, "passed": true}, "20": {"execution_time": 0.22823882102966309, "passed": true}, "21": {"execution_time": 0.18190574645996094, "passed": true}, "22": {"execution_time": 0.25540590286254883, "passed": true}, "23": {"execution_time": 0.2467198371887207, "passed": true}}}, "check_style_score": "1/1"}