{"version": "1", "message": "ERROR: Hidden Testcases server unreachable.", "problem_id": "ads2_m2_a1_1", "user_id": "rohith-22", "score": {"sample": {"0": {"execution_time": 0.2045269012451172, "passed": true}, "1": {"execution_time": 0.18147826194763184, "passed": true}, "2": {"execution_time": 0.17760014533996582, "passed": true}, "3": {"execution_time": 0.17325401306152344, "passed": true}, "4": {"execution_time": 0.17736387252807617, "passed": true}, "5": {"execution_time": 0.17925500869750977, "passed": true}, "6": {"execution_time": 0.1785891056060791, "passed": true}, "7": {"execution_time": 0.17977619171142578, "passed": true}, "8": {"execution_time": 0.17891407012939453, "passed": true}, "9": {"execution_time": 0.17836308479309082, "passed": true}, "10": {"execution_time": 0.17736291885375977, "passed": true}, "11": {"execution_time": 0.1794729232788086, "passed": true}, "12": {"execution_time": 0.17932510375976562, "passed": true}, "13": {"execution_time": 0.18079686164855957, "passed": true}, "14": {"execution_time": 0.18042802810668945, "passed": true}, "15": {"execution_time": 0.19710469245910645, "passed": true}, "16": {"execution_time": 0.2071852684020996, "passed": true}, "17": {"execution_time": 0.22019505500793457, "passed": true}, "18": {"execution_time": 0.20908594131469727, "passed": true}, "19": {"execution_time": 0.21622681617736816, "passed": true}, "20": {"execution_time": 0.2249600887298584, "passed": true}, "21": {"execution_time": 0.17998623847961426, "passed": true}, "22": {"execution_time": 0.24208283424377441, "passed": true}, "23": {"execution_time": 0.24371910095214844, "passed": true}}}, "check_style_score": "1/1"}