{"version": "1", "message": "ERROR: Hidden Testcases server unreachable.", "problem_id": "ads2_m2_a1_1", "user_id": "rohith-22", "score": {"sample": {"0": {"execution_time": 0.2021472454071045, "passed": true}, "1": {"execution_time": 0.17682504653930664, "passed": true}, "2": {"execution_time": 0.17643404006958008, "passed": true}, "3": {"execution_time": 0.17577385902404785, "passed": true}, "4": {"execution_time": 0.17760515213012695, "passed": true}, "5": {"execution_time": 0.17851495742797852, "passed": true}, "6": {"execution_time": 0.17885184288024902, "passed": true}, "7": {"execution_time": 0.17862391471862793, "passed": true}, "8": {"execution_time": 0.1804180145263672, "passed": true}, "9": {"execution_time": 0.17940711975097656, "passed": true}, "10": {"execution_time": 0.1789100170135498, "passed": true}, "11": {"execution_time": 0.1817469596862793, "passed": true}, "12": {"execution_time": 0.18539786338806152, "passed": true}, "13": {"execution_time": 0.18073415756225586, "passed": true}, "14": {"execution_time": 0.18123102188110352, "passed": true}, "15": {"execution_time": 0.19501709938049316, "passed": true}, "16": {"execution_time": 0.20735812187194824, "passed": true}, "17": {"execution_time": 0.21799182891845703, "passed": true}, "18": {"execution_time": 0.21082782745361328, "passed": true}, "19": {"execution_time": 0.2193460464477539, "passed": true}, "20": {"execution_time": 0.22642993927001953, "passed": true}, "21": {"execution_time": 0.1822679042816162, "passed": true}, "22": {"execution_time": 0.24141788482666016, "passed": true}, "23": {"execution_time": 0.245758056640625, "passed": true}}}, "check_style_score": "1/1"}