{"version": "1", "message": "ERROR: Hidden Testcases server unreachable.", "problem_id": "ads2_m2_a1_1", "user_id": "rohith-22", "score": {"sample": {"0": {"execution_time": 0.20551085472106934, "passed": true}, "1": {"execution_time": 0.17744112014770508, "passed": true}, "2": {"execution_time": 0.1755819320678711, "passed": true}, "3": {"execution_time": 0.17837786674499512, "passed": true}, "4": {"execution_time": 0.17583703994750977, "passed": true}, "5": {"execution_time": 0.17446398735046387, "passed": true}, "6": {"execution_time": 0.17782926559448242, "passed": true}, "7": {"execution_time": 0.1757960319519043, "passed": true}, "8": {"execution_time": 0.1798851490020752, "passed": true}, "9": {"execution_time": 0.18113398551940918, "passed": true}, "10": {"execution_time": 0.1769092082977295, "passed": true}, "11": {"execution_time": 0.17847585678100586, "passed": true}, "12": {"execution_time": 0.17963719367980957, "passed": true}, "13": {"execution_time": 0.1813957691192627, "passed": true}, "14": {"execution_time": 0.18041396141052246, "passed": true}, "15": {"execution_time": 0.19806909561157227, "passed": true}, "16": {"execution_time": 0.20287585258483887, "passed": true}, "17": {"execution_time": 0.21810603141784668, "passed": true}, "18": {"execution_time": 0.20873212814331055, "passed": true}, "19": {"execution_time": 0.22417998313903809, "passed": true}, "20": {"execution_time": 0.22487878799438477, "passed": true}, "21": {"execution_time": 0.181304931640625, "passed": true}, "22": {"execution_time": 0.2405109405517578, "passed": true}, "23": {"execution_time": 0.2398838996887207, "passed": true}}}, "check_style_score": "1/1"}