{"version": "1", "message": "ERROR: Hidden Testcases server unreachable.", "problem_id": "ads2_m2_a1_1", "user_id": "rohith-22", "score": {"sample": {"0": {"execution_time": 0.20597076416015625, "passed": true}, "1": {"execution_time": 0.17893600463867188, "passed": true}, "2": {"execution_time": 0.17879199981689453, "passed": true}, "3": {"execution_time": 0.17516207695007324, "passed": true}, "4": {"execution_time": 0.18061399459838867, "passed": true}, "5": {"execution_time": 0.17546415328979492, "passed": true}, "6": {"execution_time": 0.17537808418273926, "passed": true}, "7": {"execution_time": 0.17604494094848633, "passed": true}, "8": {"execution_time": 0.178635835647583, "passed": true}, "9": {"execution_time": 0.18075323104858398, "passed": true}, "10": {"execution_time": 0.1973130702972412, "passed": true}, "11": {"execution_time": 0.1915431022644043, "passed": true}, "12": {"execution_time": 0.1827409267425537, "passed": true}, "13": {"execution_time": 0.19122695922851562, "passed": true}, "14": {"execution_time": 0.18444085121154785, "passed": true}, "15": {"execution_time": 0.20047497749328613, "passed": true}, "16": {"execution_time": 0.20377588272094727, "passed": true}, "17": {"execution_time": 0.21792888641357422, "passed": true}, "18": {"execution_time": 0.21476316452026367, "passed": true}, "19": {"execution_time": 0.21995782852172852, "passed": true}, "20": {"execution_time": 0.22681427001953125, "passed": true}, "21": {"execution_time": 0.1815190315246582, "passed": true}, "22": {"execution_time": 0.24519777297973633, "passed": true}, "23": {"execution_time": 0.2436966896057129, "passed": true}}}, "check_style_score": "1/1"}