{"version": "1", "message": "ERROR: Hidden Testcases server unreachable.", "problem_id": "ads2_m2_a1_1", "user_id": "rohith-22", "score": {"sample": {"0": {"execution_time": 0.22393012046813965, "passed": true}, "1": {"execution_time": 0.17793488502502441, "passed": true}, "2": {"execution_time": 0.17645812034606934, "passed": true}, "3": {"execution_time": 0.17703700065612793, "passed": true}, "4": {"execution_time": 0.1773209571838379, "passed": true}, "5": {"execution_time": 0.1767427921295166, "passed": true}, "6": {"execution_time": 0.17981791496276855, "passed": true}, "7": {"execution_time": 0.17835497856140137, "passed": true}, "8": {"execution_time": 0.1811072826385498, "passed": true}, "9": {"execution_time": 0.17905116081237793, "passed": true}, "10": {"execution_time": 0.17720699310302734, "passed": true}, "11": {"execution_time": 0.18134760856628418, "passed": true}, "12": {"execution_time": 0.1786501407623291, "passed": true}, "13": {"execution_time": 0.17983698844909668, "passed": true}, "14": {"execution_time": 0.18224692344665527, "passed": true}, "15": {"execution_time": 0.19449591636657715, "passed": true}, "16": {"execution_time": 0.20352792739868164, "passed": true}, "17": {"execution_time": 0.21935105323791504, "passed": true}, "18": {"execution_time": 0.21057510375976562, "passed": true}, "19": {"execution_time": 0.22661900520324707, "passed": true}, "20": {"execution_time": 0.2264251708984375, "passed": true}, "21": {"execution_time": 0.1860496997833252, "passed": true}, "22": {"execution_time": 0.24138593673706055, "passed": true}, "23": {"execution_time": 0.2454681396484375, "passed": true}}}, "check_style_score": "1/1"}