{"version": "1", "message": "ERROR: Hidden Testcases server unreachable.", "problem_id": "ads2_m4_a1_1", "user_id": "rohith-22", "score": {"sample": {"0": {"execution_time": 0.20813274383544922, "passed": false}, "1": {"execution_time": 0.19043993949890137, "passed": false}, "2": {"execution_time": 0.1908867359161377, "passed": false}, "3": {"execution_time": 0.18925714492797852, "passed": false}, "4": {"execution_time": 0.19129014015197754, "passed": false}, "5": {"execution_time": 0.19057989120483398, "passed": false}, "6": {"execution_time": 0.19056200981140137, "passed": false}, "7": {"execution_time": 0.19176816940307617, "passed": false}, "8": {"execution_time": 0.18991398811340332, "passed": false}, "9": {"execution_time": 0.19404911994934082, "passed": false}, "10": {"execution_time": 0.19249415397644043, "passed": false}, "11": {"execution_time": 0.18891191482543945, "passed": true}, "12": {"execution_time": 0.19113898277282715, "passed": true}, "13": {"execution_time": 0.18973493576049805, "passed": false}, "14": {"execution_time": 0.20624995231628418, "passed": false}}}, "check_style_score": "1/1"}