{"version": "1", "message": "ERROR: Hidden Testcases server unreachable.", "problem_id": "ads2_m4_a1_1", "user_id": "saikiranmaivemula1005", "score": {"sample": {"0": {"execution_time": 0.21712303161621094, "passed": true}, "1": {"execution_time": 0.2770404815673828, "passed": true}, "2": {"execution_time": 0.24143290519714355, "passed": true}, "3": {"execution_time": 0.27706146240234375, "passed": true}, "4": {"execution_time": 0.22426199913024902, "passed": true}, "5": {"execution_time": 0.23320436477661133, "passed": true}, "6": {"execution_time": 0.19813275337219238, "passed": true}, "7": {"execution_time": 0.22333908081054688, "passed": true}, "8": {"execution_time": 0.2501964569091797, "passed": true}, "9": {"execution_time": 0.20888924598693848, "passed": true}, "10": {"execution_time": 0.19970297813415527, "passed": true}, "11": {"execution_time": 0.18805909156799316, "passed": true}, "12": {"execution_time": 0.1868574619293213, "passed": true}, "13": {"execution_time": 0.9746456146240234, "passed": true}, "14": {"execution_time": 0.20484662055969238, "passed": true}}}, "check_style_score": "1/1"}