{"version": "1", "message": "ERROR: Hidden Testcases server unreachable.", "problem_id": "ads2_m4_a1_1", "user_id": "rohith-22", "score": {"sample": {"0": {"execution_time": 0.23894882202148438, "passed": true}, "1": {"execution_time": 0.23703408241271973, "passed": true}, "2": {"execution_time": 0.25774598121643066, "passed": true}, "3": {"execution_time": 0.2624387741088867, "passed": true}, "4": {"execution_time": 0.22972393035888672, "passed": true}, "5": {"execution_time": 0.21312808990478516, "passed": true}, "6": {"execution_time": 0.21376633644104004, "passed": true}, "7": {"execution_time": 0.21981024742126465, "passed": true}, "8": {"execution_time": 0.23847103118896484, "passed": true}, "9": {"execution_time": 0.21003484725952148, "passed": true}, "10": {"execution_time": 0.213134765625, "passed": true}, "11": {"execution_time": 0.19826912879943848, "passed": true}, "12": {"execution_time": 0.19649720191955566, "passed": true}, "13": {"execution_time": 0.915067195892334, "passed": true}, "14": {"execution_time": 0.21403288841247559, "passed": true}}}, "check_style_score": "1/1"}