{"version": "1", "message": "ERROR: Hidden Testcases server unreachable.", "problem_id": "ads2_m4_a1_1", "user_id": "rohith-22", "score": {"sample": {"0": {"execution_time": 0.1931319236755371, "passed": false}, "1": {"execution_time": 0.188201904296875, "passed": false}, "2": {"execution_time": 0.19828081130981445, "passed": false}, "3": {"execution_time": 0.21416997909545898, "passed": false}, "4": {"execution_time": 0.1880779266357422, "passed": false}, "5": {"execution_time": 0.18979787826538086, "passed": false}, "6": {"execution_time": 0.19115114212036133, "passed": false}, "7": {"execution_time": 0.1878499984741211, "passed": false}, "8": {"execution_time": 0.1938459873199463, "passed": false}, "9": {"execution_time": 0.18990421295166016, "passed": false}, "10": {"execution_time": 0.1922459602355957, "passed": false}, "11": {"execution_time": 0.1890239715576172, "passed": true}, "12": {"execution_time": 0.19120573997497559, "passed": true}, "13": {"execution_time": 0.18684101104736328, "passed": false}, "14": {"execution_time": 0.18790292739868164, "passed": false}}}, "check_style_score": "1/1"}