{"version": "1", "message": "ERROR: Hidden Testcases server unreachable.", "problem_id": "ads2_m16_a1_1", "user_id": "rohith-22", "score": {"sample": {"0": {"execution_time": 0.2536799907684326, "passed": true}, "1": {"execution_time": 0.26265764236450195, "passed": true}, "2": {"execution_time": 0.4877340793609619, "passed": true}, "3": {"execution_time": 0.48745012283325195, "passed": true}, "4": {"execution_time": 0.48722100257873535, "passed": true}, "5": {"execution_time": 0.48932600021362305, "passed": true}, "6": {"execution_time": 0.49782419204711914, "passed": true}, "7": {"execution_time": 0.4941098690032959, "passed": true}, "8": {"execution_time": 0.29157304763793945, "passed": true}, "9": {"execution_time": 0.494642972946167, "passed": true}, "10": {"execution_time": 0.49054789543151855, "passed": true}, "11": {"execution_time": 3.4698030948638916, "passed": true}, "12": {"execution_time": 0.4971342086791992, "passed": true}, "13": {"execution_time": 0.24500775337219238, "passed": true}, "14": {"execution_time": 0.48692822456359863, "passed": true}, "15": {"execution_time": 0.4896199703216553, "passed": true}, "16": {"execution_time": 0.28274106979370117, "passed": true}, "17": {"execution_time": 0.28278684616088867, "passed": true}, "18": {"execution_time": 0.2832179069519043, "passed": true}, "19": {"execution_time": 0.2943708896636963, "passed": true}, "20": {"execution_time": 0.30929088592529297, "passed": true}, "21": {"execution_time": 0.28053712844848633, "passed": true}, "22": {"execution_time": 0.28257203102111816, "passed": true}, "23": {"execution_time": 0.2906930446624756, "passed": true}, "24": {"execution_time": 0.22995471954345703, "passed": true}, "25": {"execution_time": 0.5132348537445068, "passed": true}, "26": {"execution_time": 0.447674036026001, "passed": true}, "27": {"execution_time": 0.5222160816192627, "passed": true}, "28": {"execution_time": 0.7127799987792969, "passed": true}, "29": {"execution_time": 0.23423171043395996, "passed": false}}}, "check_style_score": "0/1"}