{"version": "1", "message": "ERROR: Hidden Testcases server unreachable.", "problem_id": "ads2_m16_a1_1", "user_id": "rohith-22", "score": {"sample": {"0": {"execution_time": 0.2533879280090332, "passed": true}, "1": {"execution_time": 0.26131105422973633, "passed": true}, "2": {"execution_time": 0.4904448986053467, "passed": true}, "3": {"execution_time": 0.49077892303466797, "passed": true}, "4": {"execution_time": 0.4980332851409912, "passed": true}, "5": {"execution_time": 0.494581937789917, "passed": true}, "6": {"execution_time": 0.49601292610168457, "passed": true}, "7": {"execution_time": 0.5166168212890625, "passed": true}, "8": {"execution_time": 0.2959401607513428, "passed": true}, "9": {"execution_time": 0.49313998222351074, "passed": true}, "10": {"execution_time": 0.48653316497802734, "passed": true}, "11": {"execution_time": 3.4503469467163086, "passed": true}, "12": {"execution_time": 0.5000629425048828, "passed": true}, "13": {"execution_time": 0.24529194831848145, "passed": true}, "14": {"execution_time": 0.49045705795288086, "passed": true}, "15": {"execution_time": 0.5021917819976807, "passed": true}, "16": {"execution_time": 0.28652286529541016, "passed": true}, "17": {"execution_time": 0.2864382266998291, "passed": true}, "18": {"execution_time": 0.283735990524292, "passed": true}, "19": {"execution_time": 0.29288434982299805, "passed": true}, "20": {"execution_time": 0.31110310554504395, "passed": true}, "21": {"execution_time": 0.28126001358032227, "passed": true}, "22": {"execution_time": 0.2864201068878174, "passed": true}, "23": {"execution_time": 0.2832450866699219, "passed": true}, "24": {"execution_time": 0.2342391014099121, "passed": true}, "25": {"execution_time": 0.5242211818695068, "passed": true}, "26": {"execution_time": 0.4463949203491211, "passed": true}, "27": {"execution_time": 0.5290148258209229, "passed": true}, "28": {"execution_time": 0.7346599102020264, "passed": true}, "29": {"execution_time": 0.2403087615966797, "passed": true}}}, "check_style_score": "1/1"}