{"version": "1", "message": "ERROR: Hidden Testcases server unreachable.", "problem_id": "ads2_m16_a1_1", "user_id": "rohith-22", "score": {"sample": {"0": {"execution_time": 0.26011109352111816, "passed": true}, "1": {"execution_time": 0.2570769786834717, "passed": true}, "2": {"execution_time": 0.49216413497924805, "passed": true}, "3": {"execution_time": 0.49570298194885254, "passed": true}, "4": {"execution_time": 0.4883408546447754, "passed": true}, "5": {"execution_time": 0.4976499080657959, "passed": true}, "6": {"execution_time": 0.49672722816467285, "passed": true}, "7": {"execution_time": 0.493772029876709, "passed": true}, "8": {"execution_time": 0.2946150302886963, "passed": true}, "9": {"execution_time": 0.4792768955230713, "passed": true}, "10": {"execution_time": 0.4976308345794678, "passed": true}, "11": {"execution_time": 3.4371440410614014, "passed": true}, "12": {"execution_time": 0.4980349540710449, "passed": true}, "13": {"execution_time": 0.24367308616638184, "passed": true}, "14": {"execution_time": 0.4928402900695801, "passed": true}, "15": {"execution_time": 0.4946291446685791, "passed": true}, "16": {"execution_time": 0.2890188694000244, "passed": true}, "17": {"execution_time": 0.2833709716796875, "passed": true}, "18": {"execution_time": 0.2823448181152344, "passed": true}, "19": {"execution_time": 0.29169607162475586, "passed": true}, "20": {"execution_time": 0.32227587699890137, "passed": true}, "21": {"execution_time": 0.2820141315460205, "passed": true}, "22": {"execution_time": 0.2869608402252197, "passed": true}, "23": {"execution_time": 0.2931342124938965, "passed": true}, "24": {"execution_time": 0.23878812789916992, "passed": true}, "25": {"execution_time": 0.5214159488677979, "passed": true}, "26": {"execution_time": 0.45038270950317383, "passed": true}, "27": {"execution_time": 0.5174398422241211, "passed": true}, "28": {"execution_time": 0.7366468906402588, "passed": true}, "29": {"execution_time": 0.23746085166931152, "passed": true}}}, "check_style_score": "0/1"}