{"version": "1", "message": "ERROR: Hidden Testcases server unreachable.", "problem_id": "ads2_m16_a1_1", "user_id": "rohith-22", "score": {"sample": {"0": {"execution_time": 0.4232032299041748, "passed": true}, "1": {"execution_time": 0.42581892013549805, "passed": true}, "2": {"execution_time": 0.8300127983093262, "passed": true}, "3": {"execution_time": 0.830136775970459, "passed": true}, "4": {"execution_time": 0.8349609375, "passed": true}, "5": {"execution_time": 0.8260290622711182, "passed": true}, "6": {"execution_time": 0.8355758190155029, "passed": true}, "7": {"execution_time": 0.8281469345092773, "passed": true}, "8": {"execution_time": 0.47769784927368164, "passed": true}, "9": {"execution_time": 0.8225409984588623, "passed": true}, "10": {"execution_time": 0.8101840019226074, "passed": true}, "11": {"execution_time": 6.761677980422974, "passed": true}, "12": {"execution_time": 0.836522102355957, "passed": true}, "13": {"execution_time": 0.3911759853363037, "passed": true}, "14": {"execution_time": 0.8152880668640137, "passed": true}, "15": {"execution_time": 0.837432861328125, "passed": true}, "16": {"execution_time": 0.4680769443511963, "passed": true}, "17": {"execution_time": 0.464493989944458, "passed": true}, "18": {"execution_time": 0.46243906021118164, "passed": true}, "19": {"execution_time": 0.48848485946655273, "passed": true}, "20": {"execution_time": 0.5107128620147705, "passed": true}, "21": {"execution_time": 0.4575798511505127, "passed": true}, "22": {"execution_time": 0.4586770534515381, "passed": true}, "23": {"execution_time": 0.4718291759490967, "passed": true}, "24": {"execution_time": 0.3733177185058594, "passed": true}, "25": {"execution_time": 0.8857488632202148, "passed": true}, "26": {"execution_time": 0.7586150169372559, "passed": true}, "27": {"execution_time": 0.8621470928192139, "passed": true}, "28": {"execution_time": 1.2438910007476807, "passed": true}, "29": {"execution_time": 0.3825671672821045, "passed": true}}}, "check_style_score": "0/1"}