{"version": "1", "message": "ERROR: Hidden Testcases server unreachable.", "problem_id": "ads2_m16_a1_1", "user_id": "rohith-22", "score": {"sample": {"0": {"execution_time": 0.3094301223754883, "passed": false}, "1": {"execution_time": 0.2686309814453125, "passed": false}, "2": {"execution_time": 0.4925858974456787, "passed": false}, "3": {"execution_time": 0.502694845199585, "passed": false}, "4": {"execution_time": 0.49843263626098633, "passed": false}, "5": {"execution_time": 0.5391409397125244, "passed": false}, "6": {"execution_time": 0.5149209499359131, "passed": false}, "7": {"execution_time": 0.5277791023254395, "passed": false}, "8": {"execution_time": 0.31003594398498535, "passed": false}, "9": {"execution_time": 0.5376369953155518, "passed": false}, "10": {"execution_time": 0.5210888385772705, "passed": false}, "11": {"execution_time": 3.600517988204956, "passed": false}, "12": {"execution_time": 0.5082499980926514, "passed": false}, "13": {"execution_time": 0.2467491626739502, "passed": true}, "14": {"execution_time": 0.48644399642944336, "passed": false}, "15": {"execution_time": 0.509566068649292, "passed": false}, "16": {"execution_time": 0.28687310218811035, "passed": false}, "17": {"execution_time": 0.2848989963531494, "passed": false}, "18": {"execution_time": 0.2843739986419678, "passed": false}, "19": {"execution_time": 0.2966301441192627, "passed": false}, "20": {"execution_time": 0.3290388584136963, "passed": false}, "21": {"execution_time": 0.27921509742736816, "passed": false}, "22": {"execution_time": 0.28123903274536133, "passed": false}, "23": {"execution_time": 0.2860231399536133, "passed": false}, "24": {"execution_time": 0.23083710670471191, "passed": true}, "25": {"execution_time": 0.5179190635681152, "passed": false}, "26": {"execution_time": 0.4600708484649658, "passed": false}, "27": {"execution_time": 0.5212452411651611, "passed": false}, "28": {"execution_time": 0.7310600280761719, "passed": false}, "29": {"execution_time": 0.24964404106140137, "passed": false}}}, "check_style_score": "0/1"}